{
    "apiVersion": "v1",
    "items": [
        {
            "apiVersion": "v1",
            "count": 304,
            "eventTime": null,
            "firstTimestamp": "2020-11-04T13:05:44Z",
            "involvedObject": {
                "apiVersion": "v1",
                "kind": "Pod",
                "name": "cilium-operator-7948578879-v9lb8",
                "namespace": "kube-system",
                "resourceVersion": "821",
                "uid": "ce1ee446-75e5-477d-8e32-bb3003c70218"
            },
            "kind": "Event",
            "lastTimestamp": "2020-11-04T20:36:09Z",
            "message": "0/1 nodes are available: 1 node(s) didn't match pod affinity/anti-affinity, 1 node(s) didn't satisfy existing pods anti-affinity rules.",
            "metadata": {
                "creationTimestamp": "2020-11-04T13:05:44Z",
                "managedFields": [
                    {
                        "apiVersion": "v1",
                        "fieldsType": "FieldsV1",
                        "fieldsV1": {
                            "f:count": {},
                            "f:firstTimestamp": {},
                            "f:involvedObject": {
                                "f:apiVersion": {},
                                "f:kind": {},
                                "f:name": {},
                                "f:namespace": {},
                                "f:resourceVersion": {},
                                "f:uid": {}
                            },
                            "f:lastTimestamp": {},
                            "f:message": {},
                            "f:reason": {},
                            "f:source": {
                                "f:component": {}
                            },
                            "f:type": {}
                        },
                        "manager": "kube-scheduler",
                        "operation": "Update",
                        "time": "2020-11-04T20:36:09Z"
                    }
                ],
                "name": "cilium-operator-7948578879-v9lb8.16444fd556ef4ece",
                "namespace": "kube-system",
                "resourceVersion": "73309",
                "selfLink": "/api/v1/namespaces/kube-system/events/cilium-operator-7948578879-v9lb8.16444fd556ef4ece",
                "uid": "fd0b3175-be04-48fe-83d1-5caa1aeab357"
            },
            "reason": "FailedScheduling",
            "reportingComponent": "",
            "reportingInstance": "",
            "source": {
                "component": "default-scheduler"
            },
            "type": "Warning"
        }
    ],
    "kind": "List",
    "metadata": {
        "resourceVersion": "",
        "selfLink": ""
    }
}
