{
    "apiVersion": "v1",
    "items": [
        {
            "apiVersion": "v1",
            "kind": "Node",
            "metadata": {
                "annotations": {
                    "io.cilium.network.ipv4-cilium-host": "10.0.0.85",
                    "io.cilium.network.ipv4-health-ip": "10.0.0.96",
                    "io.cilium.network.ipv4-pod-cidr": "10.0.0.0/24",
                    "kubeadm.alpha.kubernetes.io/cri-socket": "/var/run/dockershim.sock",
                    "node.alpha.kubernetes.io/ttl": "0",
                    "volumes.kubernetes.io/controller-managed-attach-detach": "true"
                },
                "creationTimestamp": "2020-11-04T13:02:35Z",
                "labels": {
                    "beta.kubernetes.io/arch": "amd64",
                    "beta.kubernetes.io/os": "linux",
                    "kubernetes.io/arch": "amd64",
                    "kubernetes.io/hostname": "minikube",
                    "kubernetes.io/os": "linux",
                    "minikube.k8s.io/commit": "93af9c1e43cab9618e301bc9fa720c63d5efa393",
                    "minikube.k8s.io/name": "minikube",
                    "minikube.k8s.io/updated_at": "2020_11_04T14_02_39_0700",
                    "minikube.k8s.io/version": "v1.9.2",
                    "node-role.kubernetes.io/master": ""
                },
                "managedFields": [
                    {
                        "apiVersion": "v1",
                        "fieldsType": "FieldsV1",
                        "fieldsV1": {
                            "f:metadata": {
                                "f:annotations": {
                                    "f:kubeadm.alpha.kubernetes.io/cri-socket": {}
                                },
                                "f:labels": {
                                    "f:node-role.kubernetes.io/master": {}
                                }
                            }
                        },
                        "manager": "kubeadm",
                        "operation": "Update",
                        "time": "2020-11-04T13:02:38Z"
                    },
                    {
                        "apiVersion": "v1",
                        "fieldsType": "FieldsV1",
                        "fieldsV1": {
                            "f:metadata": {
                                "f:labels": {
                                    "f:minikube.k8s.io/commit": {},
                                    "f:minikube.k8s.io/name": {},
                                    "f:minikube.k8s.io/updated_at": {},
                                    "f:minikube.k8s.io/version": {}
                                }
                            }
                        },
                        "manager": "kubectl",
                        "operation": "Update",
                        "time": "2020-11-04T13:02:39Z"
                    },
                    {
                        "apiVersion": "v1",
                        "fieldsType": "FieldsV1",
                        "fieldsV1": {
                            "f:metadata": {
                                "f:annotations": {
                                    "f:node.alpha.kubernetes.io/ttl": {}
                                }
                            }
                        },
                        "manager": "kube-controller-manager",
                        "operation": "Update",
                        "time": "2020-11-04T13:02:44Z"
                    },
                    {
                        "apiVersion": "v1",
                        "fieldsType": "FieldsV1",
                        "fieldsV1": {
                            "f:metadata": {
                                "f:annotations": {
                                    "f:io.cilium.network.ipv4-cilium-host": {},
                                    "f:io.cilium.network.ipv4-health-ip": {},
                                    "f:io.cilium.network.ipv4-pod-cidr": {}
                                }
                            },
                            "f:status": {
                                "f:conditions": {
                                    "k:{\"type\":\"NetworkUnavailable\"}": {
                                        ".": {},
                                        "f:lastHeartbeatTime": {},
                                        "f:lastTransitionTime": {},
                                        "f:message": {},
                                        "f:reason": {},
                                        "f:status": {},
                                        "f:type": {}
                                    }
                                }
                            }
                        },
                        "manager": "cilium-agent",
                        "operation": "Update",
                        "time": "2020-11-04T13:06:45Z"
                    },
                    {
                        "apiVersion": "v1",
                        "fieldsType": "FieldsV1",
                        "fieldsV1": {
                            "f:metadata": {
                                "f:annotations": {
                                    ".": {},
                                    "f:volumes.kubernetes.io/controller-managed-attach-detach": {}
                                },
                                "f:labels": {
                                    ".": {},
                                    "f:beta.kubernetes.io/arch": {},
                                    "f:beta.kubernetes.io/os": {},
                                    "f:kubernetes.io/arch": {},
                                    "f:kubernetes.io/hostname": {},
                                    "f:kubernetes.io/os": {}
                                }
                            },
                            "f:status": {
                                "f:addresses": {
                                    ".": {},
                                    "k:{\"type\":\"Hostname\"}": {
                                        ".": {},
                                        "f:address": {},
                                        "f:type": {}
                                    },
                                    "k:{\"type\":\"InternalIP\"}": {
                                        ".": {},
                                        "f:address": {},
                                        "f:type": {}
                                    }
                                },
                                "f:allocatable": {
                                    ".": {},
                                    "f:cpu": {},
                                    "f:ephemeral-storage": {},
                                    "f:hugepages-2Mi": {},
                                    "f:memory": {},
                                    "f:pods": {}
                                },
                                "f:capacity": {
                                    ".": {},
                                    "f:cpu": {},
                                    "f:ephemeral-storage": {},
                                    "f:hugepages-2Mi": {},
                                    "f:memory": {},
                                    "f:pods": {}
                                },
                                "f:conditions": {
                                    ".": {},
                                    "k:{\"type\":\"DiskPressure\"}": {
                                        ".": {},
                                        "f:lastHeartbeatTime": {},
                                        "f:lastTransitionTime": {},
                                        "f:message": {},
                                        "f:reason": {},
                                        "f:status": {},
                                        "f:type": {}
                                    },
                                    "k:{\"type\":\"MemoryPressure\"}": {
                                        ".": {},
                                        "f:lastHeartbeatTime": {},
                                        "f:lastTransitionTime": {},
                                        "f:message": {},
                                        "f:reason": {},
                                        "f:status": {},
                                        "f:type": {}
                                    },
                                    "k:{\"type\":\"PIDPressure\"}": {
                                        ".": {},
                                        "f:lastHeartbeatTime": {},
                                        "f:lastTransitionTime": {},
                                        "f:message": {},
                                        "f:reason": {},
                                        "f:status": {},
                                        "f:type": {}
                                    },
                                    "k:{\"type\":\"Ready\"}": {
                                        ".": {},
                                        "f:lastHeartbeatTime": {},
                                        "f:lastTransitionTime": {},
                                        "f:message": {},
                                        "f:reason": {},
                                        "f:status": {},
                                        "f:type": {}
                                    }
                                },
                                "f:daemonEndpoints": {
                                    "f:kubeletEndpoint": {
                                        "f:Port": {}
                                    }
                                },
                                "f:images": {},
                                "f:nodeInfo": {
                                    "f:architecture": {},
                                    "f:bootID": {},
                                    "f:containerRuntimeVersion": {},
                                    "f:kernelVersion": {},
                                    "f:kubeProxyVersion": {},
                                    "f:kubeletVersion": {},
                                    "f:machineID": {},
                                    "f:operatingSystem": {},
                                    "f:osImage": {},
                                    "f:systemUUID": {}
                                }
                            }
                        },
                        "manager": "kubelet",
                        "operation": "Update",
                        "time": "2020-11-04T20:35:12Z"
                    }
                ],
                "name": "minikube",
                "resourceVersion": "73157",
                "selfLink": "/api/v1/nodes/minikube",
                "uid": "80181fa7-a96a-46ab-9765-70ad3eef1211"
            },
            "spec": {},
            "status": {
                "addresses": [
                    {
                        "address": "192.168.99.101",
                        "type": "InternalIP"
                    },
                    {
                        "address": "minikube",
                        "type": "Hostname"
                    }
                ],
                "allocatable": {
                    "cpu": "2",
                    "ephemeral-storage": "17784752Ki",
                    "hugepages-2Mi": "0",
                    "memory": "4035152Ki",
                    "pods": "110"
                },
                "capacity": {
                    "cpu": "2",
                    "ephemeral-storage": "17784752Ki",
                    "hugepages-2Mi": "0",
                    "memory": "4035152Ki",
                    "pods": "110"
                },
                "conditions": [
                    {
                        "lastHeartbeatTime": "2020-11-04T13:06:45Z",
                        "lastTransitionTime": "2020-11-04T13:06:45Z",
                        "message": "Cilium is running on this node",
                        "reason": "CiliumIsUp",
                        "status": "False",
                        "type": "NetworkUnavailable"
                    },
                    {
                        "lastHeartbeatTime": "2020-11-04T20:35:12Z",
                        "lastTransitionTime": "2020-11-04T13:02:27Z",
                        "message": "kubelet has sufficient memory available",
                        "reason": "KubeletHasSufficientMemory",
                        "status": "False",
                        "type": "MemoryPressure"
                    },
                    {
                        "lastHeartbeatTime": "2020-11-04T20:35:12Z",
                        "lastTransitionTime": "2020-11-04T13:02:27Z",
                        "message": "kubelet has no disk pressure",
                        "reason": "KubeletHasNoDiskPressure",
                        "status": "False",
                        "type": "DiskPressure"
                    },
                    {
                        "lastHeartbeatTime": "2020-11-04T20:35:12Z",
                        "lastTransitionTime": "2020-11-04T13:02:27Z",
                        "message": "kubelet has sufficient PID available",
                        "reason": "KubeletHasSufficientPID",
                        "status": "False",
                        "type": "PIDPressure"
                    },
                    {
                        "lastHeartbeatTime": "2020-11-04T20:35:12Z",
                        "lastTransitionTime": "2020-11-04T13:06:30Z",
                        "message": "kubelet is posting ready status",
                        "reason": "KubeletReady",
                        "status": "True",
                        "type": "Ready"
                    }
                ],
                "daemonEndpoints": {
                    "kubeletEndpoint": {
                        "Port": 10250
                    }
                },
                "images": [
                    {
                        "names": [
                            "cilium/cilium@sha256:3cbade4c15e7deba6b9a770475beec5e102a9f8e347c28307383a24581ebb6c4",
                            "cilium/cilium:v1.8.5"
                        ],
                        "sizeBytes": 421109795
                    },
                    {
                        "names": [
                            "k8s.gcr.io/etcd@sha256:4afb99b4690b418ffc2ceb67e1a17376457e441c1f09ab55447f0aaf992fa646",
                            "k8s.gcr.io/etcd:3.4.3-0"
                        ],
                        "sizeBytes": 288426917
                    },
                    {
                        "names": [
                            "kubernetesui/dashboard@sha256:61f9c378c427a3f8a9643f83baa9f96db1ae1357c67a93b533ae7b36d71c69dc",
                            "kubernetesui/dashboard:v2.0.0-rc6"
                        ],
                        "sizeBytes": 220762712
                    },
                    {
                        "names": [
                            "k8s.gcr.io/kube-apiserver@sha256:fc4efb55c2a7d4e7b9a858c67e24f00e739df4ef5082500c2b60ea0903f18248",
                            "k8s.gcr.io/kube-apiserver:v1.18.0"
                        ],
                        "sizeBytes": 172964371
                    },
                    {
                        "names": [
                            "k8s.gcr.io/kube-controller-manager@sha256:d926b172b8fc3568d8eab9736b2f79a1afefcb809d030dd4465cbb0d444ce293",
                            "k8s.gcr.io/kube-controller-manager:v1.18.0"
                        ],
                        "sizeBytes": 162368019
                    },
                    {
                        "names": [
                            "nginx@sha256:ed7f815851b5299f616220a63edac69a4cc200e7f536a56e421988da82e44ed8",
                            "nginx:latest"
                        ],
                        "sizeBytes": 132861270
                    },
                    {
                        "names": [
                            "k8s.gcr.io/kube-proxy@sha256:9e858386d52d0abaf936c1d10a763648ab7d85c8eb0af08a50a64238146e5571",
                            "k8s.gcr.io/kube-proxy:v1.18.0"
                        ],
                        "sizeBytes": 116534263
                    },
                    {
                        "names": [
                            "k8s.gcr.io/kube-scheduler@sha256:33063bc856e99d12b9cb30aab1c1c755ecd458d5bd130270da7c51c70ca10cf6",
                            "k8s.gcr.io/kube-scheduler:v1.18.0"
                        ],
                        "sizeBytes": 95275539
                    },
                    {
                        "names": [
                            "gcr.io/k8s-minikube/storage-provisioner@sha256:088daa9fcbccf04c3f415d77d5a6360d2803922190b675cb7fc88a9d2d91985a",
                            "gcr.io/k8s-minikube/storage-provisioner:v1.8.1"
                        ],
                        "sizeBytes": 80815640
                    },
                    {
                        "names": [
                            "kindest/kindnetd@sha256:bc1833b3da442bb639008dd5a62861a0419d3f64b58fce6fb38b749105232555",
                            "kindest/kindnetd:0.5.3"
                        ],
                        "sizeBytes": 78486107
                    },
                    {
                        "names": [
                            "cilium/operator-generic@sha256:f20cde7e8be13a49882cfa32bcd7d07fec685fc80201818de5b12e1d81375807",
                            "cilium/operator-generic:v1.8.5"
                        ],
                        "sizeBytes": 50323563
                    },
                    {
                        "names": [
                            "k8s.gcr.io/coredns@sha256:2c8d61c46f484d881db43b34d13ca47a269336e576c81cf007ca740fa9ec0800",
                            "k8s.gcr.io/coredns:1.6.7"
                        ],
                        "sizeBytes": 43794147
                    },
                    {
                        "names": [
                            "kubernetesui/metrics-scraper@sha256:2026f9f7558d0f25cc6bab74ea201b4e9d5668fbc378ef64e13fddaea570efc0",
                            "kubernetesui/metrics-scraper:v1.0.2"
                        ],
                        "sizeBytes": 40101552
                    },
                    {
                        "names": [
                            "k8s.gcr.io/pause@sha256:927d98197ec1141a368550822d18fa1c60bdae27b78b0c004f705f548c07814f",
                            "k8s.gcr.io/pause:3.2"
                        ],
                        "sizeBytes": 682696
                    }
                ],
                "nodeInfo": {
                    "architecture": "amd64",
                    "bootID": "b88bcdf5-1a45-4803-9dc5-fe62c361cd75",
                    "containerRuntimeVersion": "docker://19.3.8",
                    "kernelVersion": "4.19.107",
                    "kubeProxyVersion": "v1.18.0",
                    "kubeletVersion": "v1.18.0",
                    "machineID": "a1854987da6b437cb366517a1d53ecff",
                    "operatingSystem": "linux",
                    "osImage": "Buildroot 2019.02.10",
                    "systemUUID": "4cadf255-a52d-4f1d-8d9e-4f4ff7e752f6"
                }
            }
        }
    ],
    "kind": "List",
    "metadata": {
        "resourceVersion": "",
        "selfLink": ""
    }
}
