{
    "apiVersion": "v1",
    "items": [
        {
            "apiVersion": "v1",
            "count": 275,
            "eventTime": null,
            "firstTimestamp": "2021-05-24T21:00:51Z",
            "involvedObject": {
                "apiVersion": "v1",
                "kind": "Pod",
                "name": "cilium-operator-656654bd5c-6wt6s",
                "namespace": "kube-system",
                "resourceVersion": "554",
                "uid": "820f0fff-51b9-4613-ac8f-74d733c40d85"
            },
            "kind": "Event",
            "lastTimestamp": "2021-05-25T15:42:29Z",
            "message": "0/1 nodes are available: 1 node(s) didn't match pod affinity/anti-affinity, 1 node(s) didn't match pod anti-affinity rules.",
            "metadata": {
                "creationTimestamp": "2021-05-24T21:00:51Z",
                "managedFields": [
                    {
                        "apiVersion": "v1",
                        "fieldsType": "FieldsV1",
                        "fieldsV1": {
                            "f:count": {},
                            "f:firstTimestamp": {},
                            "f:involvedObject": {
                                "f:apiVersion": {},
                                "f:kind": {},
                                "f:name": {},
                                "f:namespace": {},
                                "f:resourceVersion": {},
                                "f:uid": {}
                            },
                            "f:lastTimestamp": {},
                            "f:message": {},
                            "f:reason": {},
                            "f:source": {
                                "f:component": {}
                            },
                            "f:type": {}
                        },
                        "manager": "kube-scheduler",
                        "operation": "Update",
                        "time": "2021-05-24T21:00:51Z"
                    }
                ],
                "name": "cilium-operator-656654bd5c-6wt6s.16821c68b1336f57",
                "namespace": "kube-system",
                "resourceVersion": "33790",
                "uid": "31c7022b-3be7-44f9-9c58-10ba421e5619"
            },
            "reason": "FailedScheduling",
            "reportingComponent": "",
            "reportingInstance": "",
            "source": {
                "component": "default-scheduler"
            },
            "type": "Warning"
        }
    ],
    "kind": "List",
    "metadata": {
        "resourceVersion": "",
        "selfLink": ""
    }
}
