{
    "apiVersion": "v1",
    "items": [
        {
            "apiVersion": "v1",
            "kind": "Node",
            "metadata": {
                "annotations": {
                    "io.cilium.network.ipv4-cilium-host": "10.0.0.42",
                    "io.cilium.network.ipv4-health-ip": "10.0.0.43",
                    "io.cilium.network.ipv4-pod-cidr": "10.0.0.0/24",
                    "kubeadm.alpha.kubernetes.io/cri-socket": "/var/run/dockershim.sock",
                    "node.alpha.kubernetes.io/ttl": "0",
                    "volumes.kubernetes.io/controller-managed-attach-detach": "true"
                },
                "creationTimestamp": "2021-05-24T13:56:25Z",
                "labels": {
                    "beta.kubernetes.io/arch": "amd64",
                    "beta.kubernetes.io/os": "linux",
                    "kubernetes.io/arch": "amd64",
                    "kubernetes.io/hostname": "minikube",
                    "kubernetes.io/os": "linux",
                    "minikube.k8s.io/commit": "c61663e942ec43b20e8e70839dcca52e44cd85ae",
                    "minikube.k8s.io/name": "minikube",
                    "minikube.k8s.io/updated_at": "2021_05_24T15_56_32_0700",
                    "minikube.k8s.io/version": "v1.20.0",
                    "node-role.kubernetes.io/control-plane": "",
                    "node-role.kubernetes.io/master": ""
                },
                "managedFields": [
                    {
                        "apiVersion": "v1",
                        "fieldsType": "FieldsV1",
                        "fieldsV1": {
                            "f:metadata": {
                                "f:annotations": {
                                    ".": {},
                                    "f:volumes.kubernetes.io/controller-managed-attach-detach": {}
                                },
                                "f:labels": {
                                    ".": {},
                                    "f:beta.kubernetes.io/arch": {},
                                    "f:beta.kubernetes.io/os": {},
                                    "f:kubernetes.io/arch": {},
                                    "f:kubernetes.io/hostname": {},
                                    "f:kubernetes.io/os": {}
                                }
                            },
                            "f:status": {
                                "f:addresses": {
                                    ".": {},
                                    "k:{\"type\":\"Hostname\"}": {
                                        ".": {},
                                        "f:address": {},
                                        "f:type": {}
                                    },
                                    "k:{\"type\":\"InternalIP\"}": {
                                        ".": {},
                                        "f:address": {},
                                        "f:type": {}
                                    }
                                },
                                "f:allocatable": {
                                    ".": {},
                                    "f:cpu": {},
                                    "f:ephemeral-storage": {},
                                    "f:hugepages-2Mi": {},
                                    "f:memory": {},
                                    "f:pods": {}
                                },
                                "f:capacity": {
                                    ".": {},
                                    "f:cpu": {},
                                    "f:ephemeral-storage": {},
                                    "f:hugepages-2Mi": {},
                                    "f:memory": {},
                                    "f:pods": {}
                                },
                                "f:conditions": {
                                    ".": {},
                                    "k:{\"type\":\"DiskPressure\"}": {
                                        ".": {},
                                        "f:lastHeartbeatTime": {},
                                        "f:lastTransitionTime": {},
                                        "f:message": {},
                                        "f:reason": {},
                                        "f:status": {},
                                        "f:type": {}
                                    },
                                    "k:{\"type\":\"MemoryPressure\"}": {
                                        ".": {},
                                        "f:lastHeartbeatTime": {},
                                        "f:lastTransitionTime": {},
                                        "f:message": {},
                                        "f:reason": {},
                                        "f:status": {},
                                        "f:type": {}
                                    },
                                    "k:{\"type\":\"PIDPressure\"}": {
                                        ".": {},
                                        "f:lastHeartbeatTime": {},
                                        "f:lastTransitionTime": {},
                                        "f:message": {},
                                        "f:reason": {},
                                        "f:status": {},
                                        "f:type": {}
                                    },
                                    "k:{\"type\":\"Ready\"}": {
                                        ".": {},
                                        "f:lastHeartbeatTime": {},
                                        "f:lastTransitionTime": {},
                                        "f:message": {},
                                        "f:reason": {},
                                        "f:status": {},
                                        "f:type": {}
                                    }
                                },
                                "f:daemonEndpoints": {
                                    "f:kubeletEndpoint": {
                                        "f:Port": {}
                                    }
                                },
                                "f:images": {},
                                "f:nodeInfo": {
                                    "f:architecture": {},
                                    "f:bootID": {},
                                    "f:containerRuntimeVersion": {},
                                    "f:kernelVersion": {},
                                    "f:kubeProxyVersion": {},
                                    "f:kubeletVersion": {},
                                    "f:machineID": {},
                                    "f:operatingSystem": {},
                                    "f:osImage": {},
                                    "f:systemUUID": {}
                                }
                            }
                        },
                        "manager": "kubelet",
                        "operation": "Update",
                        "time": "2021-05-24T13:56:25Z"
                    },
                    {
                        "apiVersion": "v1",
                        "fieldsType": "FieldsV1",
                        "fieldsV1": {
                            "f:metadata": {
                                "f:annotations": {
                                    "f:kubeadm.alpha.kubernetes.io/cri-socket": {}
                                },
                                "f:labels": {
                                    "f:node-role.kubernetes.io/control-plane": {},
                                    "f:node-role.kubernetes.io/master": {}
                                }
                            }
                        },
                        "manager": "kubeadm",
                        "operation": "Update",
                        "time": "2021-05-24T13:56:30Z"
                    },
                    {
                        "apiVersion": "v1",
                        "fieldsType": "FieldsV1",
                        "fieldsV1": {
                            "f:metadata": {
                                "f:labels": {
                                    "f:minikube.k8s.io/commit": {},
                                    "f:minikube.k8s.io/name": {},
                                    "f:minikube.k8s.io/updated_at": {},
                                    "f:minikube.k8s.io/version": {}
                                }
                            }
                        },
                        "manager": "kubectl-label",
                        "operation": "Update",
                        "time": "2021-05-24T13:56:34Z"
                    },
                    {
                        "apiVersion": "v1",
                        "fieldsType": "FieldsV1",
                        "fieldsV1": {
                            "f:metadata": {
                                "f:annotations": {
                                    "f:node.alpha.kubernetes.io/ttl": {}
                                }
                            },
                            "f:spec": {
                                "f:podCIDR": {},
                                "f:podCIDRs": {
                                    ".": {},
                                    "v:\"10.244.0.0/24\"": {}
                                }
                            }
                        },
                        "manager": "kube-controller-manager",
                        "operation": "Update",
                        "time": "2021-05-24T13:56:52Z"
                    },
                    {
                        "apiVersion": "v1",
                        "fieldsType": "FieldsV1",
                        "fieldsV1": {
                            "f:metadata": {
                                "f:annotations": {
                                    "f:io.cilium.network.ipv4-cilium-host": {},
                                    "f:io.cilium.network.ipv4-health-ip": {},
                                    "f:io.cilium.network.ipv4-pod-cidr": {}
                                }
                            },
                            "f:status": {
                                "f:conditions": {
                                    "k:{\"type\":\"NetworkUnavailable\"}": {
                                        ".": {},
                                        "f:lastHeartbeatTime": {},
                                        "f:lastTransitionTime": {},
                                        "f:message": {},
                                        "f:reason": {},
                                        "f:status": {},
                                        "f:type": {}
                                    }
                                }
                            }
                        },
                        "manager": "cilium-agent",
                        "operation": "Update",
                        "time": "2021-05-24T14:03:23Z"
                    }
                ],
                "name": "minikube",
                "resourceVersion": "33951",
                "uid": "b8496a9a-6aeb-486c-a18f-31ba7192745c"
            },
            "spec": {
                "podCIDR": "10.244.0.0/24",
                "podCIDRs": [
                    "10.244.0.0/24"
                ]
            },
            "status": {
                "addresses": [
                    {
                        "address": "192.168.99.102",
                        "type": "InternalIP"
                    },
                    {
                        "address": "minikube",
                        "type": "Hostname"
                    }
                ],
                "allocatable": {
                    "cpu": "8",
                    "ephemeral-storage": "29014552Ki",
                    "hugepages-2Mi": "0",
                    "memory": "8161124Ki",
                    "pods": "110"
                },
                "capacity": {
                    "cpu": "8",
                    "ephemeral-storage": "29014552Ki",
                    "hugepages-2Mi": "0",
                    "memory": "8161124Ki",
                    "pods": "110"
                },
                "conditions": [
                    {
                        "lastHeartbeatTime": "2021-05-24T21:03:42Z",
                        "lastTransitionTime": "2021-05-24T21:03:42Z",
                        "message": "Cilium is running on this node",
                        "reason": "CiliumIsUp",
                        "status": "False",
                        "type": "NetworkUnavailable"
                    },
                    {
                        "lastHeartbeatTime": "2021-05-25T15:44:43Z",
                        "lastTransitionTime": "2021-05-24T13:56:24Z",
                        "message": "kubelet has sufficient memory available",
                        "reason": "KubeletHasSufficientMemory",
                        "status": "False",
                        "type": "MemoryPressure"
                    },
                    {
                        "lastHeartbeatTime": "2021-05-25T15:44:43Z",
                        "lastTransitionTime": "2021-05-24T13:56:24Z",
                        "message": "kubelet has no disk pressure",
                        "reason": "KubeletHasNoDiskPressure",
                        "status": "False",
                        "type": "DiskPressure"
                    },
                    {
                        "lastHeartbeatTime": "2021-05-25T15:44:43Z",
                        "lastTransitionTime": "2021-05-24T13:56:24Z",
                        "message": "kubelet has sufficient PID available",
                        "reason": "KubeletHasSufficientPID",
                        "status": "False",
                        "type": "PIDPressure"
                    },
                    {
                        "lastHeartbeatTime": "2021-05-25T15:44:43Z",
                        "lastTransitionTime": "2021-05-24T13:56:52Z",
                        "message": "kubelet is posting ready status",
                        "reason": "KubeletReady",
                        "status": "True",
                        "type": "Ready"
                    }
                ],
                "daemonEndpoints": {
                    "kubeletEndpoint": {
                        "Port": 10250
                    }
                },
                "images": [
                    {
                        "names": [
                            "quay.io/cilium/cilium@sha256:587627d909ffe0418c0bd907516496844867a21812946af82096d367760e4c1e"
                        ],
                        "sizeBytes": 409221354
                    },
                    {
                        "names": [
                            "k8s.gcr.io/etcd@sha256:4ad90a11b55313b182afc186b9876c8e891531b8db4c9bf1541953021618d0e2",
                            "k8s.gcr.io/etcd:3.4.13-0"
                        ],
                        "sizeBytes": 253392289
                    },
                    {
                        "names": [
                            "kubernetesui/dashboard@sha256:7f80b5ba141bead69c4fee8661464857af300d7d7ed0274cf7beecedc00322e6",
                            "kubernetesui/dashboard:v2.1.0"
                        ],
                        "sizeBytes": 225733746
                    },
                    {
                        "names": [
                            "quay.io/cilium/json-mock@sha256:2729064827fa9dbfface8d3df424feb6c792a0ba07117b844349635c93c06d2b"
                        ],
                        "sizeBytes": 203684673
                    },
                    {
                        "names": [
                            "envoyproxy/envoy@sha256:e8b37c1d75787dd1e712ff389b0d37337dc8a174a63bed9c34ba73359dc67da7"
                        ],
                        "sizeBytes": 139171397
                    },
                    {
                        "names": [
                            "k8s.gcr.io/kube-apiserver@sha256:465ba895d578fbc1c6e299e45689381fd01c54400beba9e8f1d7456077411411",
                            "k8s.gcr.io/kube-apiserver:v1.20.2"
                        ],
                        "sizeBytes": 121669114
                    },
                    {
                        "names": [
                            "k8s.gcr.io/kube-proxy@sha256:326fe8a4508a5db91cf234c4867eff5ba458bc4107c2a7e15c827a74faa19be9",
                            "k8s.gcr.io/kube-proxy:v1.20.2"
                        ],
                        "sizeBytes": 118400203
                    },
                    {
                        "names": [
                            "k8s.gcr.io/kube-controller-manager@sha256:842a071d4ad49b0018f7f7404ac8a4ddfc2bce2ce15b3f8131d89563fda36c9b",
                            "k8s.gcr.io/kube-controller-manager:v1.20.2"
                        ],
                        "sizeBytes": 115852794
                    },
                    {
                        "names": [
                            "quay.io/cilium/operator-generic@sha256:65143311a62a95dbe23c69ff2f624e0fdf030eb225e6375d889da66a955dd828"
                        ],
                        "sizeBytes": 56301238
                    },
                    {
                        "names": [
                            "k8s.gcr.io/kube-scheduler@sha256:304b3d70497bd62498f19f82f9ef164d38948e5ae94966690abfe9d1858867e2",
                            "k8s.gcr.io/kube-scheduler:v1.20.2"
                        ],
                        "sizeBytes": 46384634
                    },
                    {
                        "names": [
                            "k8s.gcr.io/coredns@sha256:73ca82b4ce829766d4f1f10947c3a338888f876fbed0540dc849c89ff256e90c",
                            "k8s.gcr.io/coredns:1.7.0"
                        ],
                        "sizeBytes": 45227747
                    },
                    {
                        "names": [
                            "quay.io/cilium/hubble-ui-backend@sha256:632c938ef6ff30e3a080c59b734afb1fb7493689275443faa1435f7141aabe76"
                        ],
                        "sizeBytes": 43155071
                    },
                    {
                        "names": [
                            "kubernetesui/metrics-scraper@sha256:555981a24f184420f3be0c79d4efb6c948a85cfce84034f85a563f4151a81cbf",
                            "kubernetesui/metrics-scraper:v1.0.4"
                        ],
                        "sizeBytes": 36937728
                    },
                    {
                        "names": [
                            "quay.io/cilium/hubble-relay@sha256:e92e6778c71aa9e181618d61e9403761ad061c3960a9203aa2cf8e6cde95c9d7"
                        ],
                        "sizeBytes": 34670262
                    },
                    {
                        "names": [
                            "gcr.io/k8s-minikube/storage-provisioner@sha256:18eb69d1418e854ad5a19e399310e52808a8321e4c441c1dddad8977a0d7a944",
                            "gcr.io/k8s-minikube/storage-provisioner:v5"
                        ],
                        "sizeBytes": 31465472
                    },
                    {
                        "names": [
                            "quay.io/cilium/hubble-ui@sha256:e0e461c680ccd083ac24fe4f9e19e675422485f04d8720635ec41f2ba9e5562c"
                        ],
                        "sizeBytes": 31081994
                    },
                    {
                        "names": [
                            "tgraf/netperf@sha256:8e86f744bfea165fd4ce68caa05abc96500f40130b857773186401926af7e9e6",
                            "tgraf/netperf:latest"
                        ],
                        "sizeBytes": 17499173
                    },
                    {
                        "names": [
                            "quay.io/cilium/alpine-curl@sha256:1d928912e5d9dc9994b038b5df7434790c4bb9bd64f60570d78c1dee13befc76"
                        ],
                        "sizeBytes": 7307746
                    },
                    {
                        "names": [
                            "busybox@sha256:95cf004f559831017cdf4628aaf1bb30133677be8702a8c5f2994629f637a209",
                            "busybox:1.31.1"
                        ],
                        "sizeBytes": 1219430
                    },
                    {
                        "names": [
                            "k8s.gcr.io/pause@sha256:927d98197ec1141a368550822d18fa1c60bdae27b78b0c004f705f548c07814f",
                            "k8s.gcr.io/pause:3.2"
                        ],
                        "sizeBytes": 682696
                    }
                ],
                "nodeInfo": {
                    "architecture": "amd64",
                    "bootID": "5f63e23a-ae01-47cd-af09-2830ddb6bedd",
                    "containerRuntimeVersion": "docker://20.10.6",
                    "kernelVersion": "4.19.182",
                    "kubeProxyVersion": "v1.20.2",
                    "kubeletVersion": "v1.20.2",
                    "machineID": "2100df690cb846b5bd9ef2e4ffa132d0",
                    "operatingSystem": "linux",
                    "osImage": "Buildroot 2020.02.12",
                    "systemUUID": "10484a21-d29a-e64f-9154-439b22455827"
                }
            }
        }
    ],
    "kind": "List",
    "metadata": {
        "resourceVersion": "",
        "selfLink": ""
    }
}
